<?xml version="1.0" encoding="UTF-8"?><?xml-stylesheet type='text/xsl' href='_UpgradeReport_Files/UpgradeReport.xslt'?><UpgradeLog>
<Properties><Property Name="Solution" Value="BuyersProfile">
</Property><Property Name="Solution File" Value="E:\Temp\2015\BuyersProfile\BuyersProfile.sln">
</Property><Property Name="Date" Value="Wednesday, April 08, 2015">
</Property><Property Name="Time" Value="14:38 PM">
</Property></Properties><Event ErrorLevel="0" Project="BuyersProfile" Source="BuyersProfile\BuyersProfile.csproj" Description="Project converted successfully">
</Event><Event ErrorLevel="3" Project="BuyersProfile" Source="BuyersProfile\BuyersProfile.csproj" Description="Converted">
</Event><Event ErrorLevel="0" Project="" Source="BuyersProfile.sln" Description="Solution converted successfully">
</Event><Event ErrorLevel="3" Project="" Source="BuyersProfile.sln" Description="Converted">
</Event><Event ErrorLevel="0" Project="BuyersProfile" Source="BuyersProfile\BuyersProfile.csproj" Description="Scan complete: Upgrade not required for project files.">
</Event></UpgradeLog>